date,hour,day,parking_area,vehicle_type,parking_duration,amount,occupied_slots,total_slots,occupancy
2026-09-01,8,Monday,A,Car,35,20,3,10,30
2026-09-01,9,Monday,A,Car,48,20,5,10,50
2026-09-01,10,Monday,A,Car,42,20,6,10,60
2026-09-01,11,Monday,A,Car,55,20,7,10,70
2026-09-01,12,Monday,A,Car,60,20,8,10,80
2026-09-01,13,Monday,A,Car,52,20,7,10,70
2026-09-01,14,Monday,A,Car,40,20,6,10,60
2026-09-01,15,Monday,A,Car,35,20,5,10,50
2026-09-01,16,Monday,A,Car,45,20,6,10,60
2026-09-01,17,Monday,A,Car,50,20,8,10,80
2026-09-01,18,Monday,A,Car,65,40,9,10,90
2026-09-01,19,Monday,A,Car,55,20,8,10,80
2026-09-01,20,Monday,A,Car,45,20,6,10,60
2026-09-01,21,Monday,A,Car,40,20,5,10,50
2026-09-02,8,Tuesday,A,Car,30,20,3,10,30
2026-09-02,9,Tuesday,A,Car,45,20,5,10,50
2026-09-02,10,Tuesday,A,Car,50,20,6,10,60
2026-09-02,11,Tuesday,A,Car,55,20,7,10,70
2026-09-02,12,Tuesday,A,Car,62,40,9,10,90
2026-09-02,13,Tuesday,A,Car,50,20,8,10,80
2026-09-02,14,Tuesday,A,Car,42,20,6,10,60
2026-09-02,15,Tuesday,A,Car,35,20,5,10,50
2026-09-02,16,Tuesday,A,Car,45,20,6,10,60
2026-09-02,17,Tuesday,A,Car,58,20,8,10,80
2026-09-02,18,Tuesday,A,Car,70,40,10,10,100
2026-09-02,19,Tuesday,A,Car,60,40,9,10,90
2026-09-02,20,Tuesday,A,Car,48,20,7,10,70
2026-09-02,21,Tuesday,A,Car,35,20,5,10,50
2026-09-03,8,Wednesday,A,Car,25,20,2,10,20
2026-09-03,9,Wednesday,A,Car,40,20,4,10,40
2026-09-03,10,Wednesday,A,Car,45,20,5,10,50
2026-09-03,11,Wednesday,A,Car,50,20,6,10,60
2026-09-03,12,Wednesday,A,Car,65,40,9,10,90
2026-09-03,13,Wednesday,A,Car,55,20,8,10,80
2026-09-03,14,Wednesday,A,Car,40,20,6,10,60
2026-09-03,15,Wednesday,A,Car,35,20,4,10,40
2026-09-03,16,Wednesday,A,Car,45,20,6,10,60
2026-09-03,17,Wednesday,A,Car,55,20,8,10,80
2026-09-03,18,Wednesday,A,Car,70,40,9,10,90
2026-09-03,19,Wednesday,A,Car,60,40,8,10,80
2026-09-03,20,Wednesday,A,Car,45,20,6,10,60
2026-09-03,21,Wednesday,A,Car,35,20,4,10,40
2026-09-04,8,Thursday,A,Car,30,20,2,10,20
2026-09-04,9,Thursday,A,Car,42,20,4,10,40
2026-09-04,10,Thursday,A,Car,50,20,6,10,60
2026-09-04,11,Thursday,A,Car,58,20,7,10,70
2026-09-04,12,Thursday,A,Car,68,40,9,10,90
2026-09-04,13,Thursday,A,Car,55,20,8,10,80
2026-09-04,14,Thursday,A,Car,45,20,6,10,60
2026-09-04,15,Thursday,A,Car,38,20,5,10,50
2026-09-04,16,Thursday,A,Car,48,20,7,10,70
2026-09-04,17,Thursday,A,Car,60,40,9,10,90
2026-09-04,18,Thursday,A,Car,72,40,10,10,100
2026-09-04,19,Thursday,A,Car,58,20,8,10,80
2026-09-04,20,Thursday,A,Car,45,20,6,10,60
2026-09-04,21,Thursday,A,Car,35,20,4,10,40